main_mode,user
ride,0.10025313503674654
walk,0.2872865474520879
pt,0.2966332591632513
car,0.22671519649519137
bike,0.24893790279127667
